-- phpMyAdmin SQL Dump
-- version 3.3.7deb7
-- http://www.phpmyadmin.net
--
-- Host: localhost
-- Generation Time: Jun 07, 2013 at 10:44 PM
-- Server version: 5.1.66
-- PHP Version: 5.3.3-7+squeeze15

SET SQL_MODE="NO_AUTO_VALUE_ON_ZERO";


/*!40101 SET @OLD_CHARACTER_SET_CLIENT=@@CHARACTER_SET_CLIENT */;
/*!40101 SET @OLD_CHARACTER_SET_RESULTS=@@CHARACTER_SET_RESULTS */;
/*!40101 SET @OLD_COLLATION_CONNECTION=@@COLLATION_CONNECTION */;
/*!40101 SET NAMES utf8 */;

--
-- Database: `promo`
--

-- --------------------------------------------------------

--
-- Table structure for table `categories`
--

CREATE TABLE IF NOT EXISTS `categories` (
  `id` int(11) NOT NULL AUTO_INCREMENT,
  `imatge` int(11) DEFAULT NULL,
  `pare` int(11) DEFAULT NULL,
  `nom` varchar(50) COLLATE utf8_unicode_ci NOT NULL,
  PRIMARY KEY (`id`),
  UNIQUE KEY `UNIQ_3AF34668389D7490` (`imatge`),
  KEY `pare` (`pare`)
) ENGINE=InnoDB  DEFAULT CHARSET=utf8 COLLATE=utf8_unicode_ci AUTO_INCREMENT=87 ;

--
-- Dumping data for table `categories`
--

INSERT INTO `categories` (`id`, `imatge`, `pare`, `nom`) VALUES
(30, 100, NULL, 'Aventura, viaje y automóvil'),
(31, 101, NULL, 'Cocina'),
(32, 102, 31, 'Abrebotellas'),
(33, 103, 31, 'Delantales'),
(34, 104, 31, 'Manoplas'),
(35, 105, 31, 'Sazonadores'),
(36, 106, 31, 'Cuchillos y cubiertos'),
(37, 107, 31, 'Tazas, vasos'),
(38, 108, 31, 'Conjuntos regalo'),
(39, 109, 31, 'Pequeños aparatos'),
(40, 110, 31, 'Otros utensilios'),
(41, 111, 31, 'Accesorios barbacoa'),
(42, 112, 31, 'Queso'),
(43, 113, 31, 'Medir tiempo y peso'),
(44, 114, 31, 'Café, chocolate, té'),
(45, 115, NULL, 'Complementos'),
(46, 116, NULL, 'Despacho, oficina'),
(47, 117, 46, 'Utensilios'),
(48, 118, 46, 'Dispensadores clips'),
(49, 119, 46, 'Puntos de libro'),
(50, 120, 46, 'Aumento, lupas'),
(51, 121, 46, 'Conjuntos'),
(52, 122, 46, 'Sobremesa despacho'),
(53, 123, 46, 'Clips portanotas'),
(54, 124, 46, 'Cubiletes'),
(55, 125, 46, 'Marcadores'),
(56, 126, 46, 'Estuches'),
(57, 127, NULL, 'Decoración'),
(58, 128, 57, 'Adornos de navidad'),
(59, 129, 57, 'Aromáticos'),
(60, 130, 57, 'Baño'),
(61, 131, 57, 'Textil mesa'),
(62, 132, 57, 'Textil hogar'),
(63, 133, 57, 'Textil baño'),
(64, 134, 57, 'Adornos'),
(65, 135, 57, 'Servicios mesa'),
(66, 136, 57, 'Organizadores'),
(67, 137, 57, 'Plantas y fuentes'),
(68, 138, NULL, 'Iluminación'),
(69, 139, 68, 'Velas y luz ambiente'),
(70, 140, 68, 'Lamparas lectura'),
(71, 141, NULL, 'Informàtica'),
(72, 142, 71, 'Tic'),
(73, 143, 71, 'Ratones'),
(74, 144, 71, 'Accesorios USB'),
(75, 145, 71, 'Alfombrillas'),
(76, 146, 71, 'Lectores tarjetas'),
(77, 147, 71, 'Puertos USB'),
(78, 148, 71, 'Set de accesorios'),
(79, 149, 71, 'Fundas y conservación'),
(80, 150, NULL, 'Papelería'),
(81, 151, 80, 'Bolígrafos'),
(82, 152, 80, 'Lápizes'),
(83, 153, 80, 'Libretas'),
(84, 154, 80, 'Bloc de notas'),
(85, 155, NULL, 'Libros           (editorial Planeta)'),
(86, 156, NULL, 'Promociones corporativas');

-- --------------------------------------------------------

--
-- Table structure for table `imatges`
--

CREATE TABLE IF NOT EXISTS `imatges` (
  `id` int(11) NOT NULL AUTO_INCREMENT,
  `path` varchar(50) COLLATE utf8_unicode_ci NOT NULL,
  `titol` varchar(50) COLLATE utf8_unicode_ci DEFAULT NULL,
  PRIMARY KEY (`id`)
) ENGINE=InnoDB  DEFAULT CHARSET=utf8 COLLATE=utf8_unicode_ci AUTO_INCREMENT=513 ;

--
-- Dumping data for table `imatges`
--

INSERT INTO `imatges` (`id`, `path`, `titol`) VALUES
(94, '1370279550_Paraguas_Reflectante_Brellies_COL.jpeg', 'Producto Paraguas_Reflectante_Brellies_COL'),
(95, '1370284850_Libreta_Shape.jpeg', 'Producto Libreta_Shape'),
(96, '1370283550_Nuance_multi_jarra.jpeg', 'Producto Nuance_multi_jarra'),
(97, '1370282550_Porta_clips_magnetico.jpeg', 'Producto Porta_clips_magnetico'),
(98, '1370281350_Agarrador_silicona.jpeg', 'Producto Agarrador_silicona'),
(99, '1370279850_Rasqueta_hielo_con_manopla.jpeg', 'Producto Rasqueta_hielo_con_manopla'),
(100, '1370278800_Aventura_viaje_y_automovil.jpeg', 'Categoría Aventura, viaje y automóvil'),
(101, '1370278900_Cocina.jpeg', 'Categoría Cocina'),
(102, '1370279000_Abrebotellas.jpeg', 'Categoría Abrebotellas'),
(103, '1370279100_Delantales.jpeg', 'Categoría Delantales'),
(104, '1370279200_Manoplas.jpeg', 'Categoría Manoplas'),
(105, '1370279300_Sazonadores.jpeg', 'Categoría Sazonadores'),
(106, '1370279400_Cuchillos_y_cubiertos.jpeg', 'Categoría Cuchillos y cubiertos'),
(107, '1370279500_Tazas_vasos.jpeg', 'Categoría Tazas, vasos'),
(108, '1370279600_Conjuntos_regalo.jpeg', 'Categoría Conjuntos regalo'),
(109, '1370279700_Pequenos_aparatos.jpeg', 'Categoría Pequeños aparatos'),
(110, '1370279800_Otros_utensilios.jpeg', 'Categoría Otros utensilios'),
(111, '1370279900_Accesorios_barbacoa.jpeg', 'Categoría Accesorios barbacoa'),
(112, '1370280000_Queso.jpeg', 'Categoría Queso'),
(113, '1370280100_Medir_tiempo_y_peso.jpeg', 'Categoría Medir tiempo y peso'),
(114, '1370280200_Cafe_chocolate_te.jpeg', 'Categoría Café, chocolate, té'),
(115, '1370280300_Complementos.jpeg', 'Categoría Complementos'),
(116, '1370280400_Despacho, oficina.jpeg', 'Categoría Despacho, oficina'),
(117, '1370280500_Utensilios.jpeg', 'Categoría Utensilios'),
(118, '1370280600_Dispensadores_clips.jpeg', 'Categoría Dispensadores clips'),
(119, '1370280700_Puntos_de_libro.jpeg', 'Categoría Puntos de libro'),
(120, '1370280800_Aumento_lupas.jpeg', 'Categoría Aumento, lupas'),
(121, '1370280900_Conjuntos.jpeg', 'Categoría Conjuntos'),
(122, '1370281000_Sobremesa_despacho.jpeg', 'Categoría Sobremesa despacho'),
(123, '1370281100_Clips_portanotas.jpeg', 'Categoría Clips portanotas'),
(124, '1370281200_Cubiletes.jpeg', 'Categoría Cubiletes'),
(125, '1370281300_Marcadores.jpeg', 'Categoría Marcadores'),
(126, '1370281400_Estuches.jpeg', 'Categoría Estuches'),
(127, '1370281500_Decoracion.jpeg', 'Categoría Decoración'),
(128, '1370281600_Adornos_de_navidad.jpeg', 'Categoría Adornos de navidad'),
(129, '1370281800_Aromaticos.jpeg', 'Categoría Aromáticos'),
(130, '1370281900_Baño.jpeg', 'Categoría Baño'),
(131, '1370282000_Textil_mesa.jpeg', 'Categoría Textil mesa'),
(132, '1370282100_Textil_hogar.jpeg', 'Categoría Textil hogar'),
(133, '1370282200_Textil_baño.jpeg', 'Categoría Textil baño'),
(134, '1370279400_Adornos.jpeg', 'Categoría Adornos'),
(135, '1370282400_Servicios_mesa.jpeg', 'Categoría Servicios mesa'),
(136, '1370282500_Organizadores.jpeg', 'Categoría Organizadores'),
(137, '1370282600_Plantas_y_fuentes.jpeg', 'Categoría Plantas y fuentes'),
(138, '1370279800_Iluminacion.jpeg', 'Categoría Iluminación'),
(139, '1370281700_Velas_y_luz_ambiente.jpeg', 'Categoría Velas y luz ambiente'),
(140, '1370280000_Lampras_lectura.jpeg', 'Categoría Lamparas lectura'),
(141, '1370280100_Informatica.jpeg', 'Categoría Informàtica'),
(142, '1370280200_Tic.jpeg', 'Categoría Tic'),
(143, '1370280300_Ratones.jpeg', 'Categoría Ratones'),
(144, '1370280400_Accesorios_USB.jpeg', 'Categoría Accesorios USB'),
(145, '1370280500_Alfombrillas.jpeg', 'Categoría Alfombrillas'),
(146, '1370280600_Lectores_tarjetas.jpeg', 'Categoría Lectores tarjetas'),
(147, '1370280700_Puertos_USB.jpeg', 'Categoría Puertos USB'),
(148, '1370280800_Set_de_accesorios.jpeg', 'Categoría Set de accesorios'),
(149, '1370280900_Fundas_y_conservación.jpeg', 'Categoría Fundas y conservación'),
(150, '1370281000_Papeleria.jpeg', 'Categoría Papelería'),
(151, '1370281100_Boligrafos.jpeg', 'Categoría Bolígrafos'),
(152, '1370281200_Lapizes.jpeg', 'Categoría Lápizes'),
(153, '1370281300_Libretas.jpeg', 'Categoría Libretas'),
(154, '1370281400_Bloc_de_notas.jpeg', 'Categoría Bloc de notas'),
(155, '1370281500_Libros_Planeta.jpeg', 'Categoría Libros (editorial Planeta)'),
(156, '1370281600_Promociones corporativas.jpeg', 'Categoría Promociones corporativas'),
(200, '1370279100_Kit_emergencia_help.jpeg', 'Producto Kit_emergencia_help'),
(205, '1370279200_Rascador_de_hielo_de_plastico.jpeg', 'Producto Rascador_de_hielo_de_plastico'),
(206, '1370279210_Rascador_de_hielo_de_plastico.jpeg', 'Producto Rascador_de_hielo_de_plastico'),
(207, '1370279220_Rascador_de_hielo_de_plastico.jpeg', 'Producto Rascador_de_hielo_de_plastico'),
(208, '1370279230_Rascador_de_hielo_de_plastico.jpeg', 'Producto Rascador_de_hielo_de_plastico'),
(210, '1370279300_Parasol_combi.jpeg', 'Producto Parasol_combi'),
(211, '1370279310_Parasol_combi.jpeg', 'Producto Parasol_combi'),
(212, '1370279320_Parasol_combi.jpeg', 'Producto Parasol_combi'),
(215, '1370279400_Martillo_SOS_material.jpeg', 'Producto Martillo_SOS_material'),
(220, '1370279500_Paraguas_Reflectante_Brellies_COL.jpeg', 'Producto Paraguas_Reflectante_Brellies_COL'),
(221, '1370279510_Paraguas_Reflectante_Brellies_COL.jpeg', 'Producto Paraguas_Reflectante_Brellies_COL'),
(222, '1370279520_Paraguas_Reflectante_Brellies_COL.jpeg', 'Producto Paraguas_Reflectante_Brellies_COL'),
(223, '1370279530_Paraguas_Reflectante_Brellies_COL.jpeg', 'Producto Paraguas_Reflectante_Brellies_COL'),
(224, '1370279540_Paraguas_Reflectante_Brellies_COL.jpeg', 'Producto Paraguas_Reflectante_Brellies_COL'),
(225, '1370279600_Set_de_accesorios_de_viaje.jpeg', 'Producto Set_de_accesorios_de_viaje'),
(226, '1370279610_Set_de_accesorios_de_viaje.jpeg', 'Producto Set_de_accesorios_de_viaje'),
(230, '1370279700_Organizador_de_maletero_plegable.jpeg', 'Producto Organizador_de_maletero_plegable'),
(231, '1370279710_Organizador_de_maletero_plegable.jpeg', 'Producto Organizador_de_maletero_plegable'),
(235, '1370279800_Rasqueta_hielo_con_manopla.jpeg', 'Producto Rasqueta_hielo_con_manopla'),
(236, '1370279810_Rasqueta_hielo_con_manopla.jpeg', 'Producto Rasqueta_hielo_con_manopla'),
(237, '1370279820_Rasqueta_hielo_con_manopla.jpeg', 'Producto Rasqueta_hielo_con_manopla'),
(238, '1370279830_Rasqueta_hielo_con_manopla.jpeg', 'Producto Rasqueta_hielo_con_manopla'),
(239, '1370279840_Rasqueta_hielo_con_manopla.jpeg', 'Producto Rasqueta_hielo_con_manopla'),
(240, '1370279900_Kit_Coche_Car.jpeg', 'Producto Kit_Coche_Car'),
(241, '1370279910_Kit_Coche_Car.jpeg', 'Producto Kit_Coche_Car'),
(242, '1370279920_Kit_Coche_Car.jpeg', 'Producto Kit_Coche_Car'),
(245, '1370280000_DUNLOP_Set_para_coche.jpeg', 'Producto DUNLOP_Set_para_coche'),
(250, '1370280100_Disco_aparcamiento.jpeg', 'Producto Disco_aparcamiento'),
(255, '1370280200_WENGER_billetero_viaje.jpeg', 'Producto WENGER_billetero_viaje'),
(256, '1370280210_WENGER_billetero_viaje.jpeg', 'Producto WENGER_billetero_viaje'),
(257, '1370280220_WENGER_billetero_viaje.jpeg', 'Producto WENGER_billetero_viaje'),
(258, '1370280230_WENGER_billetero_viaje.jpeg', 'Producto WENGER_billetero_viaje'),
(260, '1370280300_Parasol_plegable_sunny.jpeg', 'Producto Parasol_plegable_sunny'),
(261, '1370280310_Parasol_plegable_sunny.jpeg', 'Producto Parasol_plegable_sunny'),
(262, '1370280320_Parasol_plegable_sunny.jpeg', 'Producto Parasol_plegable_sunny'),
(265, '1370280400_Medidor_presion_wen.jpeg', 'Producto Medidor_presion_wen'),
(266, '1370280410_Medidor_presion_wen.jpeg', 'Producto Medidor_presion_wen'),
(267, '1370280420_Medidor_presion_wen.jpeg', 'Producto Medidor_presion_wen'),
(270, '1370280500_Compresor_para_coche.jpeg', 'Producto Compresor_para_coche'),
(271, '1370280510_Compresor_para_coche.jpeg', 'Producto Compresor_para_coche'),
(272, '1370280520_Compresor_para_coche.jpeg', 'Producto Compresor_para_coche'),
(275, '1370280600_Abridor_dedo.jpeg', 'Producto Abridor_dedo'),
(276, '1370280610_Abridor_dedo.jpeg', 'Producto Abridor_dedo'),
(277, '1370280620_Abridor_dedo.jpeg', 'Producto Abridor_dedo'),
(278, '1370280630_Abridor_dedo.jpeg', 'Producto Abridor_dedo'),
(279, '1370280640_Abridor_dedo.jpeg', 'Producto Abridor_dedo'),
(280, '1370280700_Navaja_de_metal.jpeg', 'Producto Navaja_de_metal'),
(281, '1370280710_Navaja_de_metal.jpeg', 'Producto Navaja_de_metal'),
(282, '1370280720_Navaja_de_metal.jpeg', 'Producto Navaja_de_metal'),
(283, '1370280730_Navaja_de_metal.jpeg', 'Producto Navaja_de_metal'),
(285, '1370280800_Abre_frascos.jpeg', 'Producto Abre_frascos'),
(290, '1370280900_Pinta_tu_delantal.jpeg', 'Producto Pinta_tu_delantal'),
(291, '1370280910_Pinta_tu_delantal.jpeg', 'Producto Pinta_tu_delantal'),
(295, '1370281000_Set_Cheff_Dress.jpeg', 'Producto Set_Cheff_Dress'),
(296, '1370281010_Set_Cheff_Dress.jpeg', 'Producto Set_Cheff_Dress'),
(297, '1370281020_Set_Cheff_Dress.jpeg', 'Producto Set_Cheff_Dress'),
(300, '1370281100_Delantal_medio_cuerpo.jpeg', 'Producto Delantal_medio_cuerpo'),
(301, '1370281110_Delantal_medio_cuerpo.jpeg', 'Producto Delantal_medio_cuerpo'),
(302, '1370281120_Delantal_medio_cuerpo.jpeg', 'Producto Delantal_medio_cuerpo'),
(305, '1370281200_Manoplas_de_cocina.jpeg', 'Producto Manoplas_de_cocina'),
(306, '1370281210_Manoplas_de_cocina.jpeg', 'Producto Manoplas_de_cocina'),
(307, '1370281220_Manoplas_de_cocina.jpeg', 'Producto Manoplas_de_cocina'),
(308, '1370281230_Manoplas_de_cocina.jpeg', 'Producto Manoplas_de_cocina'),
(309, '1370281240_Manoplas_de_cocina.jpeg', 'Producto Manoplas_de_cocina'),
(310, '1370281300_Agarrador_silicona.jpeg', 'Producto Agarrador_silicona'),
(311, '1370281310_Agarrador_silicona.jpeg', 'Producto Agarrador_silicona'),
(312, '1370281320_Agarrador_silicona.jpeg', 'Producto Agarrador_silicona'),
(313, '1370281330_Agarrador_silicona.jpeg', 'Producto Agarrador_silicona'),
(314, '1370281340_Agarrador_silicona.jpeg', 'Producto Agarrador_silicona'),
(315, '1370281400_Agarrador_pot.jpeg', 'Producto Agarrador_pot'),
(316, '1370281410_Agarrador_pot.jpeg', 'Producto Agarrador_pot'),
(317, '1370281420_Agarrador_pot.jpeg', 'Producto Agarrador_pot'),
(320, '1370281500_Botella_dosificadora_espira.jpeg', 'Producto Botella_dosificadora_espira'),
(321, '1370281510_Botella_dosificadora_espira.jpeg', 'Producto Botella_dosificadora_espira'),
(325, '1370281600_Aceitera_vinagrera_Extintor.jpeg', 'Producto Aceitera_vinagrera_Extintor'),
(326, '1370281610_Aceitera_vinagrera_Extintor.jpeg', 'Producto Aceitera_vinagrera_Extintor'),
(327, '1370281620_Aceitera_vinagrera_Extintor.jpeg', 'Producto Aceitera_vinagrera_Extintor'),
(328, '1370281630_Aceitera_vinagrera_Extintor.jpeg', 'Producto Aceitera_vinagrera_Extintor'),
(330, '1370281710_Set_sal_pimienta.jpeg', 'Producto Set_sal_pimienta'),
(335, '1370281800_Cuberteria_Kitlam.jpeg', 'Producto Cuberteria_Kitlam'),
(336, '1370281810_Cuberteria_Kitlam.jpeg', 'Producto Cuberteria_Kitlam'),
(337, '1370281820_Cuberteria_Kitlam.jpeg', 'Producto Cuberteria_Kitlam'),
(338, '1370281830_Cuberteria_Kitlam.jpeg', 'Producto Cuberteria_Kitlam'),
(340, '1370281900_Set_cucharas_anpao.jpeg', 'Producto Set_cucharas_anpao'),
(341, '1370281910_Set_cucharas_anpao.jpeg', 'Producto Set_cucharas_anpao'),
(342, '1370281920_Set_cucharas_anpao.jpeg', 'Producto Set_cucharas_anpao'),
(343, '1370281930_Set_cucharas_anpao.jpeg', 'Producto Set_cucharas_anpao'),
(345, '1370282000_Cuberteria_Cutlery.jpeg', 'Producto Cuberteria_Cutlery'),
(346, '1370282010_Cuberteria_Cutlery.jpeg', 'Producto Cuberteria_Cutlery'),
(347, '1370282020_Cuberteria_Cutlery.jpeg', 'Producto Cuberteria_Cutlery'),
(348, '1370282030_Cuberteria_Cutlery.jpeg', 'Producto Cuberteria_Cutlery'),
(350, '1370282100_Abrecartas_de_plastico.jpeg', 'Producto Abrecartas_de_plastico'),
(351, '1370282110_Abrecartas_de_plastico.jpeg', 'Producto Abrecartas_de_plastico'),
(352, '1370282120_Abrecartas_de_plastico.jpeg', 'Producto Abrecartas_de_plastico'),
(353, '1370282130_Abrecartas_de_plastico.jpeg', 'Producto Abrecartas_de_plastico'),
(355, '1370282200_Sacapuntas_longi.jpeg', 'Producto Sacapuntas_longi'),
(356, '1370282210_Sacapuntas_longi.jpeg', 'Producto Sacapuntas_longi'),
(357, '1370282220_Sacapuntas_longi.jpeg', 'Producto Sacapuntas_longi'),
(360, '1370282300_portacelo_skot.jpeg', 'Producto portacelo_skot'),
(361, '1370282310_portacelo_skot.jpeg', 'Producto portacelo_skot'),
(362, '1370282320_portacelo_skot.jpeg', 'Producto portacelo_skot'),
(365, '1370282400_Portaclips_easy.jpeg', 'Producto Portaclips_easy'),
(366, '1370282410_Portaclips_easy.jpeg', 'Producto Portaclips_easy'),
(367, '1370282420_Portaclips_easy.jpeg', 'Producto Portaclips_easy'),
(370, '1370282500_Porta_clips_magnetico.jpeg', 'Producto Porta_clips_magnetico'),
(371, '1370282510_Porta_clips_magnetico.jpeg', 'Producto Porta_clips_magnetico'),
(372, '1370282520_Porta_clips_magnetico.jpeg', 'Producto Porta_clips_magnetico'),
(373, '1370282530_Porta_clips_magnetico.jpeg', 'Producto Porta_clips_magnetico'),
(374, '1370282540_Porta_clips_magnetico.jpeg', 'Producto Porta_clips_magnetico'),
(375, '1370282600_clips_rojos_corazon.jpeg', 'Producto clips_rojos_corazon'),
(376, '1370282610_clips_rojos_corazon.jpeg', 'Producto clips_rojos_corazon'),
(377, '1370282620_clips_rojos_corazon.jpeg', 'Producto clips_rojos_corazon'),
(380, '1370282700_Clip_doc.jpeg', 'Producto Clip_doc'),
(381, '1370282710_Clip_doc.jpeg', 'Producto Clip_doc'),
(382, '1370282720_Clip_doc.jpeg', 'Producto Clip_doc'),
(383, '1370282730_Clip_doc.jpeg', 'Producto Clip_doc'),
(385, '1370282800_Clip_sacapuntas_hood.jpeg', 'Producto Clip_sacapuntas_hood'),
(386, '1370282810_Clip_sacapuntas_hood.jpeg', 'Producto Clip_sacapuntas_hood'),
(387, '1370282820_Clip_sacapuntas_hood.jpeg', 'Producto Clip_sacapuntas_hood'),
(390, '1370282900_Portanotas_espiral.jpeg', 'Producto Portanotas_espiral'),
(391, '1370282910_Portanotas_espiral.jpeg', 'Producto Portanotas_espiral'),
(392, '1370282920_Portanotas_espiral.jpeg', 'Producto Portanotas_espiral'),
(395, '1370283000_Vela_caja_laton.jpeg', 'Producto Vela_caja_laton'),
(396, '1370283010_Vela_caja_laton.jpeg', 'Producto Vela_caja_laton'),
(397, '1370283020_Vela_caja_laton.jpeg', 'Producto Vela_caja_laton'),
(398, '1370283030_Vela_caja_laton.jpeg', 'Producto Vela_caja_laton'),
(400, '1370283100_Soporte_velas_ceis.jpeg', 'Producto Soporte_velas_ceis'),
(401, '1370283110_Soporte_velas_ceis.jpeg', 'Producto Soporte_velas_ceis'),
(402, '1370283120_Soporte_velas_ceis.jpeg', 'Producto Soporte_velas_ceis'),
(403, '1370283130_Soporte_velas_ceis.jpeg', 'Producto Soporte_velas_ceis'),
(404, '1370283140_Soporte_velas_ceis.jpeg', 'Producto Soporte_velas_ceis'),
(405, '1370283200_Vela_electrica_liwa.jpeg', 'Producto Vela_electrica_liwa'),
(406, '1370283210_Vela_electrica_liwa.jpeg', 'Producto Vela_electrica_liwa'),
(407, '1370283220_Vela_electrica_liwa.jpeg', 'Producto Vela_electrica_liwa'),
(408, '1370283230_Vela_electrica_liwa.jpeg', 'Producto Vela_electrica_liwa'),
(409, '1370283240_Vela_electrica_liwa.jpeg', 'Producto Vela_electrica_liwa'),
(410, '1370283300_Identificador_copas.jpeg', 'Producto Identificador_copas'),
(411, '1370283310_Identificador_copas.jpeg', 'Producto Identificador_copas'),
(412, '1370283320_Identificador_copas.jpeg', 'Producto Identificador_copas'),
(413, '1370283330_Identificador_copas.jpeg', 'Producto Identificador_copas'),
(415, '1370283400_Set_entremeses_femia.jpeg', 'Producto Set_entremeses_femia'),
(416, '1370283410_Set_entremeses_femia.jpeg', 'Producto Set_entremeses_femia'),
(417, '1370283420_Set_entremeses_femia.jpeg', 'Producto Set_entremeses_femia'),
(420, '1370283500_Nuance_multi_jarra.jpeg', 'Producto Nuance_multi_jarra'),
(421, '1370283510_Nuance_multi_jarra.jpeg', 'Producto Nuance_multi_jarra'),
(422, '1370283520_Nuance_multi_jarra.jpeg', 'Producto Nuance_multi_jarra'),
(423, '1370283530_Nuance_multi_jarra.jpeg', 'Producto Nuance_multi_jarra'),
(424, '1370283540_Nuance_multi_jarra.jpeg', 'Producto Nuance_multi_jarra'),
(425, '1370283600_Set_relajante.jpeg', 'Producto Set_relajante'),
(426, '1370283610_Set_relajante.jpeg', 'Producto Set_relajante'),
(427, '1370283620_Set_relajante.jpeg', 'Producto Set_relajante'),
(428, '1370283630_Set_relajante.jpeg', 'Producto Set_relajante'),
(429, '1370283640_Set_relajante.jpeg', 'Producto Set_relajante'),
(430, '1370283700_Difusor_Aromaterapia_Usb.jpeg', 'Producto Difusor_Aromaterapia_Usb'),
(431, '1370283710_Difusor_Aromaterapia_Usb.jpeg', 'Producto Difusor_Aromaterapia_Usb'),
(435, '1370283800_Set_de_incienso.jpeg', 'Producto Set_de_incienso'),
(436, '1370283810_Set_de_incienso.jpeg', 'Producto Set_de_incienso'),
(437, '1370283820_Set_de_incienso.jpeg', 'Producto Set_de_incienso'),
(438, '1370283830_Set_de_incienso.jpeg', 'Producto Set_de_incienso'),
(440, '1370283900_Luz_led_pinza_novedad.jpeg', 'Producto Luz_led_pinza_novedad'),
(441, '1370283910_Luz_led_pinza_novedad.jpeg', 'Producto Luz_led_pinza_novedad'),
(442, '1370283920_Luz_led_pinza_novedad.jpeg', 'Producto Luz_led_pinza_novedad'),
(445, '1370284000_lampara_tofi.jpeg', 'Producto lampara_tofi'),
(446, '1370284010_lampara_tofi.jpeg', 'Producto lampara_tofi'),
(447, '1370284020_lampara_tofi.jpeg', 'Producto lampara_tofi'),
(450, '1370284100_Luz_de_Libro_Book.jpeg', 'Producto Luz_de_Libro_Book'),
(451, '1370284110_Luz_de_Libro_Book.jpeg', 'Producto Luz_de_Libro_Book'),
(455, '1370284200_Raton_optico_inalambrico.jpeg', 'Producto Raton_optico_inalambrico'),
(456, '1370284210_Raton_optico_inalambrico.jpeg', 'Producto Raton_optico_inalambrico'),
(457, '1370284220_Raton_optico_inalambrico.jpeg', 'Producto Raton_optico_inalambrico'),
(460, '1370284300_Raton_optico_coche.jpeg', 'Producto Raton_optico_coche'),
(461, '1370284310_Raton_optico_coche.jpeg', 'Producto Raton_optico_coche'),
(462, '1370284320_Raton_optico_coche.jpeg', 'Producto Raton_optico_coche'),
(465, '1370284400_Estuche_de_polipiel.jpeg', 'Producto Estuche_de_polipiel'),
(466, '1370284410_Estuche_de_polipiel.jpeg', 'Producto Estuche_de_polipiel'),
(467, '1370284420_Estuche_de_polipiel.jpeg', 'Producto Estuche_de_polipiel'),
(470, '1370284500_Puerto_USB.jpeg', 'Producto Puerto_USB'),
(471, '1370284510_Puerto_USB.jpeg', 'Producto Puerto_USB'),
(472, '1370284520_Puerto_USB.jpeg', 'Producto Puerto_USB'),
(475, '1370284600_Hub_USB_plegable.jpeg', 'Producto Hub_USB_plegable'),
(476, '1370284610_Hub_USB_plegable.jpeg', 'Producto Hub_USB_plegable'),
(480, '1370284700_Extension_USB.jpeg', 'Producto Extension_USB'),
(481, '1370284710_Extension_USB.jpeg', 'Producto Extension_USB'),
(482, '1370284720_Extension_USB.jpeg', 'Producto Extension_USB'),
(483, '1370284730_Extension_USB.jpeg', 'Producto Extension_USB'),
(485, '1370284800_Libreta_Shape.jpeg', 'Producto Libreta_Shape'),
(486, '1370284810_Libreta_Shape.jpeg', 'Producto Libreta_Shape'),
(487, '1370284820_Libreta_Shape.jpeg', 'Producto Libreta_Shape'),
(488, '1370284830_Libreta_Shape.jpeg', 'Producto Libreta_Shape'),
(489, '1370284840_Libreta_Shape.jpeg', 'Producto Libreta_Shape'),
(490, '1370284900_Porta_bloc_notas_PVC.jpeg', 'Producto Porta_bloc_notas_PVC'),
(491, '1370284910_Porta_bloc_notas_PVC.jpeg', 'Producto Porta_bloc_notas_PVC'),
(495, '1370285000_Balmain_Libreta.jpeg', 'Producto Balmain_Libreta'),
(496, '1370285010_Balmain_Libreta.jpeg', 'Producto Balmain_Libreta'),
(497, '1370285020_Balmain_Libreta.jpeg', 'Producto Balmain_Libreta'),
(500, '1370285100_Boligrafo_Biggest.jpeg', 'Producto Boligrafo_Biggest'),
(501, '1370285110_Boligrafo_Biggest.jpeg', 'Producto Boligrafo_Biggest'),
(502, '1370285120_Boligrafo_Biggest.jpeg', 'Producto Boligrafo_Biggest'),
(505, '1370285200_Boligrafo_Pilman.jpeg', 'Producto Boligrafo_Pilman'),
(506, '1370285210_Boligrafo_Pilman.jpeg', 'Producto Boligrafo_Pilman'),
(507, '1370285220_Boligrafo_Pilman.jpeg', 'Producto Boligrafo_Pilman'),
(508, '1370285230_Boligrafo_Pilman.jpeg', 'Producto Boligrafo_Pilman'),
(510, '1370285300_BalmainSet_Concorde.jpeg', 'Producto BalmainSet_Concorde'),
(511, '1370285310_BalmainSet_Concorde.jpeg', 'Producto BalmainSet_Concorde'),
(512, '1370285320_BalmainSet_Concorde.jpeg', 'Producto BalmainSet_Concorde');

-- --------------------------------------------------------

--
-- Table structure for table `imatges_productes`
--

CREATE TABLE IF NOT EXISTS `imatges_productes` (
  `producte` int(11) NOT NULL,
  `imatge` int(11) NOT NULL,
  PRIMARY KEY (`producte`,`imatge`),
  KEY `IDX_658D0D0E476EEF0B` (`producte`),
  KEY `IDX_658D0D0E389D7490` (`imatge`)
) ENGINE=InnoDB DEFAULT CHARSET=utf8 COLLATE=utf8_unicode_ci;

--
-- Dumping data for table `imatges_productes`
--

INSERT INTO `imatges_productes` (`producte`, `imatge`) VALUES
(24, 206),
(24, 207),
(24, 208),
(25, 211),
(25, 212),
(27, 94),
(27, 221),
(27, 222),
(27, 223),
(27, 224),
(28, 226),
(29, 231),
(30, 99),
(30, 236),
(30, 237),
(30, 238),
(30, 239),
(31, 241),
(31, 242),
(34, 256),
(34, 257),
(34, 258),
(35, 261),
(35, 262),
(36, 266),
(36, 267),
(37, 271),
(37, 272),
(38, 276),
(38, 277),
(38, 278),
(38, 279),
(39, 281),
(39, 282),
(39, 283),
(41, 291),
(42, 296),
(42, 297),
(43, 301),
(43, 302),
(44, 306),
(44, 307),
(44, 308),
(44, 309),
(45, 98),
(45, 311),
(45, 312),
(45, 313),
(45, 314),
(46, 316),
(46, 317),
(47, 321),
(48, 326),
(48, 327),
(48, 328),
(50, 336),
(50, 337),
(50, 338),
(51, 341),
(51, 342),
(51, 343),
(52, 346),
(52, 347),
(52, 348),
(53, 351),
(53, 352),
(53, 353),
(54, 356),
(54, 357),
(55, 361),
(55, 362),
(56, 366),
(56, 367),
(57, 97),
(57, 371),
(57, 372),
(57, 373),
(57, 374),
(58, 376),
(58, 377),
(59, 381),
(59, 382),
(59, 383),
(60, 386),
(60, 387),
(61, 391),
(61, 392),
(62, 396),
(62, 397),
(62, 398),
(63, 401),
(63, 402),
(63, 403),
(63, 404),
(64, 406),
(64, 407),
(64, 408),
(64, 409),
(65, 411),
(65, 412),
(65, 413),
(66, 416),
(66, 417),
(67, 96),
(67, 421),
(67, 422),
(67, 423),
(67, 424),
(68, 426),
(68, 427),
(68, 428),
(68, 429),
(69, 431),
(70, 436),
(70, 437),
(70, 438),
(71, 441),
(71, 442),
(72, 446),
(72, 447),
(73, 451),
(74, 456),
(74, 457),
(75, 461),
(75, 462),
(76, 466),
(76, 467),
(77, 471),
(77, 472),
(78, 476),
(79, 481),
(79, 482),
(79, 483),
(80, 95),
(80, 486),
(80, 487),
(80, 488),
(80, 489),
(81, 491),
(82, 496),
(82, 497),
(83, 501),
(83, 502),
(84, 506),
(84, 507),
(84, 508),
(85, 511),
(85, 512);

-- --------------------------------------------------------

--
-- Table structure for table `productes`
--

CREATE TABLE IF NOT EXISTS `productes` (
  `id` int(11) NOT NULL AUTO_INCREMENT,
  `imatgeportada` int(11) DEFAULT NULL,
  `categoria` int(11) DEFAULT NULL,
  `nom` varchar(50) COLLATE utf8_unicode_ci NOT NULL,
  `especificacions` longtext COLLATE utf8_unicode_ci NOT NULL,
  `preus` longtext COLLATE utf8_unicode_ci NOT NULL,
  `casexit` tinyint(1) NOT NULL DEFAULT '0',
  PRIMARY KEY (`id`),
  UNIQUE KEY `UNIQ_8C9B786CFEAA62C0` (`imatgeportada`),
  KEY `IDX_8C9B786C4E10122D` (`categoria`)
) ENGINE=InnoDB  DEFAULT CHARSET=utf8 COLLATE=utf8_unicode_ci AUTO_INCREMENT=86 ;

--
-- Dumping data for table `productes`
--

INSERT INTO `productes` (`id`, `imatgeportada`, `categoria`, `nom`, `especificacions`, `preus`, `casexit`) VALUES
(23, 200, 30, 'Kit emergencia help', 'Ref. del producto: CTL 36760\r\nMaterial: Poliéster 18 Accesorios\r\nMedidas:26x26x15x0\r\nPeso(gr):740\r\nImpresión en: 15 días', 'Unidad: 7.20 €\r\n+50: 6.48 €\r\n+100: 6.12 €\r\n+300: 5.76 €\r\n+1000: 5.40 €', 0),
(24, 205, 30, 'Rascador de hielo de plástico', 'Ref. del producto: CTL 57279\r\nMedidas: 7,6 x 20 x 2,1 cm\r\nSuperficie de marcaje: 3,5 x 2 cm\r\nImpresión en: 15 días', 'Unidad: 0.94 €\r\n+500: 0.65 €\r\n+1000: 0.61 €\r\n+3000: 0.58 €\r\n+5000: 0.54 €', 0),
(25, 210, 30, 'Parasol combi', 'Ref. del producto: CTL 41691\r\nMaterial: Poliéster 420D. Aluminio 2 Caras Packing Enrollado\r\nMedidas:140x60x0x0 \r\nPeso(gr):200\r\nImpresión en: 15 días', '€\r\n€\r\n+100: 1.70 €\r\n+400: 1.61 €\r\n+1000: 1.51 €\r\n+3000: 1.42 €', 0),
(26, 215, 30, 'Martillo SOS material', 'Ref. del producto: CTL 52886\r\nMedidas pza: 8x1,5x13 Cm. \r\nPresentación individual: CajaIndividual. \r\nMarcaje: Cod. D (Tampo). \r\nColores marcaje: 2 colores.\r\nMedidas marcaje: 3x1,5 Cm. \r\nembalaje:Cajas de 100 uds\r\nImpresión en: 15 días', '€\r\n€\r\n+100: 1.33 €\r\n+400: 1.26 €\r\n+1000: 1.18 €\r\n+3000: 1.11 €', 0),
(27, 220, 30, 'Paraguas Reflectante Brellies COL', 'Ref. del producto: CTL 50429\r\nImpresión en: 15 días', 'Unidad: 7.78 €\r\n+50: 7.00 €\r\n+100: 6.61 €\r\n+300: 6.22 €\r\n+1000: 5.84 €', 0),
(28, 225, 30, 'Set de accesorios de viaje', 'Ref. del producto: CTL 39181\r\nDescripción: Estuche de nylon con cojín para el cuello, antifaz para los ojos, calcetines, cepillo de dientes y auriculares. \r\nMedidas: 17,5 cm x 12 cm x 6,2 cm\r\nImpresión en: 15 días', 'Unidad: 8.09 €\r\n+50: 7.28 €\r\n+100: 6.88 €\r\n+300: 6.47 €\r\n+1000: 6.07 €', 0),
(29, 230, 30, 'Organizador de maletero plegable', 'Ref. del producto: CTL 54653\r\nDeacripción: Se pliega y se cierra para un fácil transporte y almacenamiento.\r\nMedidas: 35.9 cm W x 31.1 cm H x 63.5 cm D (open)\r\nImpresión en: 15 días', 'Unidad: 10.18 €\r\n+20: 9.94 €\r\n+50: 9.36 €\r\n+100: 8.77 €\r\n+500: 8.77 €', 0),
(30, 235, 30, 'Rasqueta para hielo con manopla forrada de pelo de', 'Ref. del producto: CTL 54103\r\nArea de marcaje:100x100 mm.\r\nImpresión en: 15 días', 'Unidad: 1.61 €\r\n+100: 1.21 €\r\n+400: 1.14 €\r\n+1000: 1.07 €\r\n+3000: 1.01 €', 0),
(31, 240, 30, 'Kit Coche Car', 'Ref. del producto: CTL 43385\r\nMaterial: Plastico y Metal.\r\nMedidas pieza: 20x9x5cm.\r\nPresentación individual: Caja- Individual.\r\nPeso por pieza: 400 grs.\r\nMarcaje: Cod.C (Tampo).\r\nColores marcaje: Un color.\r\nMedidas marcaje: 3,5x3,5cm.\r\nEmbalaje: Cajas de 75 uds. \r\nImpresión en: 15 días', 'Unidad: 3.60 €\r\n+100: 2.70 €\r\n+200: 2.55 €\r\n+600: 2.40 €\r\n+2000: 2.25 €', 0),
(32, 245, 30, 'DUNLOP Set para coche 4 pzas', 'Ref. del producto: CTL 52362\r\nDescripción: Este set para coche conseguirá que lo tenga siempre listo para arrancar a cualquier hora. Certificado GS. Trae unos cables para batería, unos guantes negros y un kit de primeros auxilios de 20pcs. 600D poliéster.\r\nImpresión en: 15 días', 'Unidad: 37.39 €\r\n+10: 36.53 €\r\n+20: 34.38 €\r\n+60: 32.24 €\r\n+100: 32.24 €', 0),
(33, 250, 30, 'Disco aparcamiento de plástico', 'CTL 57312\r\nCTL 57312\r\nMedidas: 10 x 12,5 cm\r\nSuperficie de marcaje: 5 x 1,5 cm\r\nImpresión en: 15 días', 'Unidad: 0.99 €\r\n+500: 0.68 €\r\n+1000: 0.65 €\r\n+3000: 0.61 €\r\n+5000: 0.57 €', 0),
(34, 255, 30, 'WENGER billetero viaje 1680D nylon', 'Ref. del producto: CTL 47686\r\nMedidas: Largo: 13 Alto: 23 Ancho: 3 cms\r\nImpresión en: 15 días', 'Unidad: 11.62 €\r\n+20: 11.36 €\r\n+50: 10.69 €\r\n+100: 10.02 €\r\n+500: 10.02 €', 0),
(35, 260, 30, 'PARASOL PLEGABLE SUNNY', 'Ref. del producto: CTL 36991\r\nMaterial: Poliéster 190T\r\nMedidas:125x60,5x0x25,5\r\nPeso(gr):128\r\nImpresión en: 15 días', 'Unidad: 2.59 €\r\n+100: 1.94 €\r\n+400: 1.84 €\r\n+1000: 1.73 €\r\n+3000: 1.62 €', 0),
(36, 265, 30, 'MEDIDOR PRESION WEN', 'Ref. del producto: CTL 53303\r\nMaterial: Aluminio\r\nMedidas:0x8x0x0,8\r\nPeso(gr):8\r\nImpresión en: 15 días', 'Unidad: 0.75 €\r\n+500: 0.52 €\r\n+1000: 0.49 €\r\n+3000: 0.46 €\r\n+5000: 0.43 €', 0),
(37, 270, 30, 'Compresor para coche con 12V y 3m de cable', 'Ref. del producto: CTL 30323\r\nIncluye: adaptador para deportes acuáticos y adaptador para bicicleta.\r\nDimensiones: 12 X 14 X 5,2 cm\r\nArea de marcaje: 35x25 mm\r\nImpresión en: 15 días', 'Unidad: 24.27 €\r\n+20: 23.72 €\r\n+50: 22.32 €\r\n+100: 20.92 €\r\n+500: 20.92 €', 0),
(38, 275, 32, 'ABRIDOR DEDO', 'Ref. del producto: CTL 55256\r\nMaterial: AREA DE IMPRESIÓN: 1,8 * 3 CM\r\nMedidas:3x6,3x4x0\r\nPeso(gr):44\r\nImpresión en: 15 días', 'Unidad: 0.35 €\r\n+500: 0.24 €\r\n+1000: 0.23 €\r\n+3000: 0.22 €\r\n+5000: 0.20 €', 0),
(39, 280, 32, 'Navaja de metal en forma de botella con 2 hojas, a', 'Ref. del producto: CTL 43623\r\nMedidas: 2,4 x 6 x 1,3 cm\r\nSuperficie de marcaje: 3 x 1,5 cm \r\nImpresión en: 15 días', 'Unidad: 2.41 €\r\n+100: 1.81 €\r\n+400: 1.71 €\r\n+1000: 1.61 €\r\n+3000: 1.51 €', 0),
(40, 285, 32, 'Abre-frascos Acero inoxidable', 'Ref. del producto: CTL 52430\r\nPeso: 109 grs.\r\nMedidas: Largo: 10,5 Alto: 1,7 Ancho: 16 cms \r\nImpresión en: 15 días', 'Unidad: 4.18 €\r\n+100: 3.13 €\r\n+200: 2.96 €\r\n+600: 2.78 €\r\n+2000: 2.61 €', 0),
(41, 290, 33, 'JAMIE OLIVER Pinta tu propio delantal', 'Ref. del producto: CTL 56356\r\nDescripción:Ahora tus hijos pueden personalizar su propio delantal de Jamie Oliver. Este conjunto incluye seis pinturas para hacer sus propios diseños en el delantal. El delantal se puede limpiar fácilmente con un paño húmedo.\r\nImpresión en: 15 días', 'Unidad: 17.38 €\r\n+20: 16.98 €\r\n+50: 15.98 €\r\n+100: 14.99 €\r\n+500: 14.99 €', 0),
(42, 295, 33, 'Set Cheff Dress 4 Pcs.', 'Ref. del producto: CTL 33727\r\nImpresión en: 15 días', 'Unidad: 9.26 €\r\n+20: 9.04 €\r\n+50: 8.51 €\r\n+100: 7.98 €\r\n+500: 7.98 €', 0),
(43, 300, 33, 'Delantal de medio cuerpo con 2 bolsillos delantero', 'Ref. del producto: CTL 34924\r\nMedidas: 76 cm x 41 cm\r\nImpresión en: 15 días', 'Unidad: 4.04 €\r\n+100: 3.03 €\r\n+200: 2.86 €\r\n+600: 2.70 €\r\n+2000: 2.53 €', 0),
(44, 305, 34, 'Manoplas de cocina en algodón y goma.', 'Ref. del producto: CTL 42943\r\nDimensiones: 31X16,5X2 cm\r\nArea de marcaje:80x60 mm\r\nImpresión en: 15 días', 'Unidad: 3.60 €\r\n+100: 2.70 €\r\n+200: 2.55 €\r\n+600: 2.40 €\r\n+2000: 2.25 €', 0),
(45, 310, 34, 'Agarrador de cocina realizado en silicona', 'Ref. del producto: CTL 54123\r\nTemperatura máxima 250ºC\r\nDimensiones: 8X6X10 cm\r\nArea de marcaje:40x20 mm.\r\nImpresión en: 15 días', 'Unidad: 1.20 €\r\n+100: 0.90 €\r\n+400: 0.85 €\r\n+1000: 0.80 €\r\n+3000: 0.75 €', 0),
(46, 315, 34, 'AGARRADOR POT', 'Ref. del producto: CTL 36280\r\nMaterial: 100% Algodón\r\nUna Cara Lisa para Impresión Medidas:16,5x16,5x0x0\r\nPeso(gr):13\r\nImpresión en: 15 días', 'Unidad: 0.77 €\r\n+500: 0.53 €\r\n+1000: 0.50 €\r\n+3000: 0.47 €\r\n+5000: 0.44 €', 0),
(47, 320, 35, 'Botella Dosificadora Espiral', 'Ref. del producto: CTL 33789\r\nImpresión en: 15 días', 'Unidad: 16.36 €\r\n+20: 15.99 €\r\n+50: 15.05 €\r\n+100: 14.11 €\r\n+500: 14.11 €', 0),
(48, 325, 35, 'Aceitera y vinagrera '' Extintor''', 'Ref. del producto: CTL 47788\r\nDescripción: Set de aceite y vinagre diseñado con la forma de 2 extintores de aluminio. Presentado en una caja de regalo.\r\nImpresión en: 15 días', 'Unidad: 20.86 €\r\n+20: 20.38 €\r\n+50: 19.18 €\r\n+100: 17.99 €\r\n+500: 17.99 €', 0),
(49, 330, 35, 'Set para sal y pimienta', 'Ref. del producto: CTL 33125\r\nImpresión en: 15 días', 'Unidad: 7.80 €\r\n+50: 7.02 €\r\n+100: 6.63 €\r\n+300: 6.24 €\r\n+1000: 5.85 €', 0),
(50, 335, 36, 'ANTONIO MIRÓ Cuberteria Kitlam', 'Ref. del producto: CTL 55338 \r\nMaterial: Acero Inox 16 Piezas. 4 Servicios\r\nMedidas:32X5X25X0\r\nPeso(Gr):1200\r\nImpresión en: 15 días', 'Unidad: 30.33 €\r\n+10: 29.63 €\r\n+20: 27.89 €\r\n+60: 26.15 €\r\n+100: 26.15 €', 0),
(51, 340, 36, 'SET DE CUCHARAS ANPAO', 'Ref. del producto: CTL 53340\r\nMaterial: Plástico PP 5 Piezas\r\nMedidas:15x1x15x0\r\nPeso(gr):23\r\nImpresión en: 15 días', 'Unidad: 0.88 €\r\n+500: 0.61 €\r\n+1000: 0.58 €\r\n+3000: 0.54 €\r\n+5000: 0.51 €', 0),
(52, 345, 36, 'Cubertería Cutlery', 'Ref. del producto: CTL 52170\r\nMaterial: Acero inoxidable\r\nMedidas pza: 17x6x26cm\r\nPresentación individual:Cajade cartón con ventana. Marcaje: Cod.D (Tampo).\r\nColores marcaje: Dos colores.\r\nMedidas marcaje: 6x3cm.\r\nEmbalaje:Cajas de 24 uds\r\nImpresión en: 15 días', 'Unidad: 6.54 €\r\n+50: 5.89 €\r\n+100: 5.56 €\r\n+300: 5.23 €\r\n+1000: 4.91 €', 0),
(53, 350, 47, 'Abrecartas de plástico', 'Ref. del producto: CTL 35639\r\nMedidas: 7 x 5,2 x 0,3 cm\r\nSuperficie de marcaje: 4 x 1,2 cm\r\nImpresión en: 15 días', 'Unidad: 0.36 €\r\n+500: 0.25 €\r\n+1000: 0.24 €\r\n+3000: 0.22 €\r\n+5000: 0.21 €', 0),
(54, 355, 47, 'SACAPUNTAS LONGI', 'Ref. del producto: CTL 50011\r\nMaterial: Plástico ABS y PS\r\nMedidas:3,7x6x3,7x0\r\nPeso(gr):19\r\nImpresión en: 15 días', 'Unidad: 0.64 €\r\n+500: 0.44 €\r\n+1000: 0.42 €\r\n+3000: 0.39 €\r\n+5000: 0.37 €', 0),
(55, 360, 47, 'PORTACELO SKOT', 'Ref. del producto: CTL 42114\r\nMaterial: Plástico Incluye Cinta Adhesiva 1,6x25M\r\nMedidas:11,5x7,4x7x0\r\nPeso(gr):265\r\nImpresión en: 15 días', 'Unidad: 1.86 €\r\n+100: 1.40 €\r\n+400: 1.32 €\r\n+1000: 1.24 €\r\n+3000: 1.16 €', 0),
(56, 365, 48, 'PORTACLIPS EASY', 'Ref. del producto: CTL 42162\r\nMaterial: Plástico Imantado.\r\nIncluye 20-30 Clips. Negro color sólido; azul y rojo colores translúcidos\r\nMedidas:0x6,2x0x5,5\r\nPeso(gr):55\r\nImpresión en: 15 días', 'Unidad: 1.03 €\r\n+500: 0.71 €\r\n+1000: 0.67 €\r\n+3000: 0.63 €\r\n+5000: 0.59 €', 0),
(57, 370, 48, 'Porta clips magnético y soporte para bolígrafo en ', 'Ref. del producto: CTL 49528\r\nMaterial: Realizado en PU blando. Incluye surtido de 10 clips de colores. Bolígrafo no incluido. Dimensiones: 10.3X4.2X5.3cm\r\nArea de marcaje:12x8 mm\r\nImpresión en: 15 días', 'Unidad: 2.90 €\r\n+100: 2.18 €\r\n+400: 2.06 €\r\n+1000: 1.94 €\r\n+3000: 1.82 €', 0),
(58, 375, 48, '10 clips rojos en forma de corazón presentados en ', 'Ref. del producto: CTL 49658\r\nDimensiones: 7X7.3cm\r\nArea de marcaje:35x35 mm\r\nImpresión en: 15 días', 'Unidad: 1.49 €\r\n+100: 1.12 €\r\n+400: 1.05 €\r\n+1000: 0.99 €\r\n+3000: 0.93 €', 0),
(59, 380, 53, 'CLIP DOC', 'Ref. del producto: CTL 42258\r\nMedidas:3,6x5,5x1x0\r\nPeso(gr):9\r\nImpresión en: 15 días', 'Unidad: 0.25 €\r\n+500: 0.17 €\r\n+1000: 0.16 €\r\n+3000: 0.15 €\r\n+5000: 0.14 €', 0),
(60, 385, 53, 'CLIP SACAPUNTAS HOOD', 'Ref. del producto: CTL 36555\r\nMaterial: Madera\r\nMedidas:6x11,5x3,5x0\r\nPeso(gr):25\r\nImpresión en: 15 días', 'Unidad: 0.74 €\r\n+500: 0.51 €\r\n+1000: 0.48 €\r\n+3000: 0.46 €\r\n+5000: 0.43 €', 0),
(61, 390, 53, 'Portanotas con clip en espiral Sujeciones en forma', 'Ref. del producto: CTL 49326\r\nMedidas: 2,5 cm W x 16,5 cm H x 2,5 cm D\r\nImpresión en: 15 días', 'Unidad: 1.21 €\r\n+500: 0.84 €\r\n+1000: 0.79 €\r\n+3000: 0.74 €\r\n+5000: 0.70 €', 0),
(62, 395, 69, 'Vela decorativa presentada en caja de latón, dispo', 'Ref. del producto: CTL 34488\r\nDimensiones: Ø6,2X4.2 cm\r\nArea de marcaje:40x40 mm\r\nImpresión en: 15 días', 'Unidad: 1.32 €\r\n+100: 0.99 €\r\n+400: 0.94 €\r\n+1000: 0.88 €\r\n+3000: 0.83 €', 0),
(63, 400, 69, 'SOPORTE VELA CEIS', 'Ref. del producto: CTL 50060\r\nMaterial: Cristal Incluye Vela\r\nMedidas:0x6,5x0x5,5\r\nPeso(gr):93\r\nImpresión en: 15 días', 'Unidad: 1.14 €\r\n+500: 0.79 €\r\n+1000: 0.75 €\r\n+3000: 0.70 €\r\n+5000: 0.66 €', 0),
(64, 405, 69, 'VELA ELECTRICA LIWUA', 'Ref. del producto: : CTL 53344\r\nMaterial: Pila Botón Incluida\r\nMedidas:0x3x0x4,5\r\nPeso(gr):13\r\nImpresión en: 15 días', 'Unidad: 1.00 €\r\n+500: 0.69€\r\n+1000: 0.65 €\r\n+3000: 0.62 €\r\n+5000: 0.58 €', 0),
(65, 410, 65, 'IDENTIFICADOR COPAS CHEERS', 'Ref. del producto: CTL 50175\r\nMaterial: Metálico 6 Piezas\r\nMedidas:19,5x2,2x6,2x0\r\nPeso(gr):46\r\nImpresión en: 15 días', 'Unidad: 4.25 €\r\n+100: 3.19 €\r\n+200: 3.01 €\r\n+600: 2.83 €\r\n+2000: 2.66 €', 0),
(66, 415, 65, 'SET ENTREMESES FEMIA', 'Ref. del producto: CTL 53342\r\nMaterial: Cerámica 3 Piezas\r\nMedidas:28,2x3,2x8,2x0\r\nPeso(gr):230\r\nImpresión en: 15 días', 'Unidad: 2.15 €\r\n+100: 1.61 €\r\n+400: 1.52 €\r\n+1000: 1.43 €\r\n+3000: 1.34 €', 0),
(67, 420, 65, 'NUANCE Multi-jarra con 2 vasos ''Arosse'' Cristal re', 'Ref. del producto: CTL 47820\r\nPeso: 1608 grs.\r\nMedidas:Largo: 10,3 Alto: 32,8 Ancho: 18,5 cms.\r\nImpresión en: 15 días', 'Unidad: 19.31 €\r\n+20: 18.87 €\r\n+50: 17.76 €\r\n+100: 16.65 €\r\n+500: 16.65 €', 0),
(68, 425, 59, 'Set relajante', 'Ref. del producto:CTL 54233\r\n1 figura yoga de cerámica con una vela de té, 1 pequeño bote difusor de cerámica, 6 varillas difusoras y una botella con aroma de vainilla (30 ml.). Todo presentado en una bandeja de piedra negra.\r\n1 figura yoga de cerámica con una vela de té, 1 pequeño bote difusor de cerámica, 6 varillas difusoras y una botella con aroma de vainilla (30 ml.). Todo presentado en una bandeja de piedra negra.\r\nDimensiones: 23X23X13 cm\r\nImpresión en: 15 días', 'Unidad: 15.35 €\r\n+20: 14.99 €\r\n+50: 14.11 €\r\n+100: 13.23 €\r\n+500: 13.23 €', 0),
(69, 430, 59, 'Difusor Aromaterapia Usb', 'Ref. del producto: CTL 33927\r\nImpresión en: 15 días', 'Unidad: 7.41 €\r\n+50: 6.67 €\r\n+100: 6.30 €\r\n+300: 5.93 €\r\n+1000: 5.56 € ', 0),
(70, 435, 59, 'Set de incienso con soporte de cerámica, sticks y ', 'Ref. del producto: CTL 35353\r\nAromas 06/jazmín, 18/océano y 29/té verde\r\nMedidas: 8,7 x 8,7 x 2,3 cm\r\nSuperficie de marcaje: 1 x 1 cm\r\nImpresión en: 15 días', 'Unidad: 1.42 €\r\n+100: 1.06 €\r\n+400: 1.00 €\r\n+1000: 0.94 €\r\n+3000: 0.89 €', 0),
(71, 440, 70, 'Luz led con pinza novedad', 'Ref. del producto: CTL 53962\r\nImpresión en: 15 días', 'Unidad: 1.25 €\r\n+100: 0.94 €\r\n+400: 0.88 €\r\n+1000: 0.83 €\r\n+3000: 0.78 €', 0),
(72, 445, 70, 'LAMPARA TOFI', 'Ref. del producto: CTL 50171CTL \r\nMaterial: Aluminio Incluye Pilas Botón AG-13. Enciende girando la cabeza. 1 Led.\r\nZona Marcaje 2,05 x 1,1 cm\r\nMedidas:44x0x0x1,7\r\nPeso(gr):65\r\nImpresión en: 15 días', 'Unidad: 3.05 €\r\n+100: 2.29 €\r\n+400: 2.16 €\r\n+1000: 2.03 €\r\n+3000: 1.91 €', 0),
(73, 450, 70, 'Luz de Libro Book', 'Ref. del producto: CTL 52235\r\nMaterial: Plástico.\r\nMedidas pieza: 5x1,5x7,5cm.\r\nPresentación individual:Bolsade plastico.\r\nMarcaje: Cod.D (Tampo).\r\nColores marcaje: 2 colores.\r\nMedidas marcaje: 2x1cm. **FAST PRINT**.\r\nEmbalaje: Cajas de 200 uds\r\nImpresión en: 15 días', 'Unidad: 1.12 €\r\n+500: 0.77.€\r\n+1000: 0.73 €\r\n+3000: 0.69 €\r\n+5000: 0.65 €', 0),
(74, 455, 73, 'Ratón óptico inalámbrico de plástico', 'Ref. del producto: CTL 40543\r\n2 pilas AAA incluidas.\r\nMedidas: 9 x 5 x 3 cm\r\nImpresión en: 15 días', 'Unidad: 13.57 €\r\n+20: 13.26 €\r\n+50: 12.48 €\r\n+100: 11.70 €\r\n+500: 11.70 €', 0),
(75, 460, 73, 'Ratón óptico en forma de coche con luz azul que se', 'Ref. del producto: CTL 43007\r\nCarcasa en ABS con acabado metálico mate. 800dpi.\r\nDimensiones: 10,3X5,6X3,5cm\r\nArea de marcaje:25x40 mm\r\nImpresión en: 15 días', '€\r\n€\r\n+50: 8.93 €\r\n8.43 €\r\n8.43 €\r\n+300: 7.94 €\r\n+1000: 7.44 €', 0),
(76, 465, 73, 'Estuche de polipiel con accesorios para el ordenad', 'Ref. del producto: CTL 43604\r\ncon un USB 2.0 hub, 2 cables y ratón óptico. \r\nMedidas: 21 x 15,5 x 2,5 cm\r\nSuperficie de marcaje: 4 x 4/6 x 1,5 cm\r\nImpresión en: 15 días', '€\r\n€\r\n+50: 21.42 €\r\n20.16 €\r\n20.16 €\r\n+300: 18.90 €\r\n+1000: 18.90 €', 0),
(77, 470, 77, 'Puerto USB con 4 conexiones novedad', 'Ref. del producto: CTL 54043\r\nImpresión en: 15 días', 'Unidad: 2.21 €\r\n+100: 1.66 €\r\n+400: 1.56 €\r\n+1000: 1.47 €\r\n+3000: 1.38 €', 0),
(78, 475, 77, 'Hub USB plegable', 'Ref. del producto: CTL 55823\r\nHub USB plegable 2.0 de 4 puertos de alta velocidad.\r\nImpresión en: 15 días', '€\r\n€\r\n+50: 4.93 €\r\n4.66 €\r\n4.66 €\r\n+300: 4.38 €\r\n+1000: 4.11 €', 0),
(79, 480, 77, 'Extensión USB', 'Ref. del producto: CTL 30735\r\nDescripción: Extensión USB, 4 puertos, versión 1.1, con un excelente diseño compacto portátil.\r\nMedidas: 4,5 cm x 3,5 cm x 4,5 cm\r\nImpresión en: 15 días', 'Unidad: 2.57 €\r\n+100: 1.93 €\r\n+400: 1.82 €\r\n+1000: 1.71 €\r\n+3000: 1.61 €', 0),
(80, 485, 84, 'Libreta Shape', 'Ref. del producto: CTL 52070\r\nMedidas pza: 13x0,5x12,5cm.\r\nPresentación individual.\r\nMarcaje: Cod.B (Tampo).\r\nColores marcaje: Varios.\r\nMedidas marcaje: 6x5cm. **FAST PRINT**.\r\nEmbalaje: Cajas de 144 uds.\r\nSubembalaje: Caja de 48 uds.\r\nImpresión en: 15 días', 'Unidad: 0.72 €\r\n+500: 0.50 €\r\n+1000: 0.47 €\r\n+3000: 0.44 €\r\n+5000: 0.41 €', 0),
(81, 490, 84, 'Porta bloc notas PVC', 'Ref. del producto:: CTL 32976\r\nImpresión en: 15 días', 'Unidad: 1.44 €\r\n+100: 1.08 €\r\n+400: 1.02 €\r\n+1000: 0.96 €\r\n+3000: 0.90 €', 0),
(82, 495, 84, 'BALMAIN Libreta A5', 'Ref. del producto: CTL 56223\r\nDescripción: Bloc de notas personal de lujo con cierre elástico. Formato A5. 96 páginas de papel rayado y Balmain grabado en la parte posterior.\r\nImpresión en: 15 días', '€\r\n€\r\n+50: 6.28 €\r\n5.93 €\r\n5.93 €\r\n+300: 5.58 €\r\n+1000: 5.24 €', 0),
(83, 500, 81, 'Bolígrafo BIGGEST', 'Ref. del producto: CTL 53960\r\nImpresión en: 15 días', 'Unidad: 0.26 €\r\n+500: 0.18 €\r\n+1000: 0.17 €\r\n+3000: 0.16 €\r\n+5000: 0.15 €', 0),
(84, 505, 81, 'ALEX LUCA Boligrafo Pilman', 'Ref. del producto: CTL 50116\r\nMaterial: Aluminio Carga Jumbo. Incluye Funda.\r\nCaña: 6,6 Cm.\r\nClip: 5 X 0,5 Cm ,\r\nMedidas:0X13X0X1,2\r\nPeso(Gr):23\r\nImpresión en: 15 días', 'Unidad: 2.10 €\r\n+100: 1.58 €\r\n+400: 1.49 €\r\n+1000: 1.40 €\r\n+3000: 1.31 €', 0),
(85, 510, 81, 'BALMAIN Set ''Concorde''.', 'Ref. del producto: CTL 56109\r\nDescripción: Bolígrafo y rollerball clásicos presentados en un estuche de regalo. Metal.\r\nImpresión en: 15 días', 'Unidad: 16.51 €\r\n+20: 16.13 €\r\n+50: 15.18 €\r\n+100: 14.24 €\r\n+500: 14.24 €', 0);

-- --------------------------------------------------------

--
-- Table structure for table `usuaris`
--

CREATE TABLE IF NOT EXISTS `usuaris` (
  `usuari` varchar(12) COLLATE utf8_unicode_ci NOT NULL,
  `mail` varchar(50) COLLATE utf8_unicode_ci NOT NULL,
  `pwd` varchar(40) COLLATE utf8_unicode_ci NOT NULL,
  `forceupdate` tinyint(1) NOT NULL,
  `recoverytoken` varchar(40) COLLATE utf8_unicode_ci DEFAULT NULL,
  `recoveryexpiration` datetime DEFAULT NULL,
  `lastaccess` datetime DEFAULT NULL,
  PRIMARY KEY (`usuari`)
) ENGINE=InnoDB DEFAULT CHARSET=utf8 COLLATE=utf8_unicode_ci;

--
-- Dumping data for table `usuaris`
--


--
-- Constraints for dumped tables
--

--
-- Constraints for table `categories`
--
ALTER TABLE `categories`
  ADD CONSTRAINT `FK_3AF34668389D7490` FOREIGN KEY (`imatge`) REFERENCES `imatges` (`id`);

--
-- Constraints for table `imatges_productes`
--
ALTER TABLE `imatges_productes`
  ADD CONSTRAINT `FK_658D0D0E389D7490` FOREIGN KEY (`imatge`) REFERENCES `imatges` (`id`),
  ADD CONSTRAINT `FK_658D0D0E476EEF0B` FOREIGN KEY (`producte`) REFERENCES `productes` (`id`);

--
-- Constraints for table `productes`
--
ALTER TABLE `productes`
  ADD CONSTRAINT `FK_8C9B786C4E10122D` FOREIGN KEY (`categoria`) REFERENCES `categories` (`id`),
  ADD CONSTRAINT `FK_8C9B786CFEAA62C0` FOREIGN KEY (`imatgeportada`) REFERENCES `imatges` (`id`);
